Timestamp,Current 1
21/4/2026 0:00,366.4
21/4/2026 0:01,326.4
21/4/2026 0:02,416.4
21/4/2026 0:03,451.4
21/4/2026 0:05,367.5
21/4/2026 0:06,386.2
21/4/2026 0:07,365.9
21/4/2026 0:09,338.9
21/4/2026 0:11,460.1
21/4/2026 0:12,401.3
21/4/2026 0:13,404.9
21/4/2026 0:15,374
21/4/2026 0:16,392.7
21/4/2026 0:17,414.6
21/4/2026 0:19,392.2
21/4/2026 0:20,385.3
21/4/2026 0:21,455.8
21/4/2026 0:22,351.2
21/4/2026 0:24,312.8
21/4/2026 0:25,415.2
21/4/2026 0:26,441
21/4/2026 0:28,416
21/4/2026 0:29,404.6
21/4/2026 0:30,454.8
21/4/2026 0:32,413.5
21/4/2026 0:33,395.3
21/4/2026 0:34,356.2
21/4/2026 0:35,381.3
21/4/2026 0:36,407.6
21/4/2026 0:38,422.7
21/4/2026 0:39,442.1
21/4/2026 0:40,280.5
21/4/2026 0:41,401.4
21/4/2026 0:43,398.7
21/4/2026 0:44,409.1
21/4/2026 0:45,387
21/4/2026 0:47,431.6
21/4/2026 0:48,433.3
21/4/2026 0:49,407.5
21/4/2026 0:51,310.6
21/4/2026 0:52,411.9
21/4/2026 0:53,408.6
21/4/2026 0:55,400.8
21/4/2026 0:56,323.1
21/4/2026 0:57,407.9
21/4/2026 0:59,420.7
21/4/2026 1:00,345.9
21/4/2026 1:01,343
21/4/2026 1:03,451.4
21/4/2026 1:04,403.9
21/4/2026 1:05,398.2
21/4/2026 1:06,287.3
21/4/2026 1:08,399.6
21/4/2026 1:09,408.9
21/4/2026 1:10,307.8
21/4/2026 1:12,406.6
21/4/2026 1:13,419.9
21/4/2026 1:14,415.5
21/4/2026 1:15,405.6
21/4/2026 1:17,357.7
21/4/2026 1:18,411.5
21/4/2026 1:19,369.1
21/4/2026 1:21,406.4
21/4/2026 1:22,387.2
21/4/2026 1:23,392.4
21/4/2026 1:25,388
21/4/2026 1:26,345.3
21/4/2026 1:27,315.7
21/4/2026 1:29,322.7
21/4/2026 1:30,403.3
21/4/2026 1:31,386.5
21/4/2026 1:33,407.1
21/4/2026 1:34,417.1
21/4/2026 1:35,264.8
21/4/2026 1:37,366.6
21/4/2026 1:38,388.3
21/4/2026 1:39,393.9
21/4/2026 1:41,326.1
21/4/2026 1:42,427.2
21/4/2026 1:43,410.4
21/4/2026 1:45,369.8
21/4/2026 1:46,358.6
21/4/2026 1:47,323.4
21/4/2026 1:48,404.8
21/4/2026 1:50,362
21/4/2026 1:51,426.2
21/4/2026 1:52,300.6
21/4/2026 1:54,404.7
21/4/2026 1:55,357.6
21/4/2026 1:56,367.2
21/4/2026 1:58,446
21/4/2026 1:59,284.4
21/4/2026 2:00,301.8
21/4/2026 2:02,443.7
21/4/2026 2:03,337.4
21/4/2026 2:04,416.8
21/4/2026 2:06,398.9
21/4/2026 2:07,386.6
21/4/2026 2:08,342.2
21/4/2026 2:10,402
21/4/2026 2:11,316.2
21/4/2026 2:13,412
21/4/2026 2:14,374.1
21/4/2026 2:15,417.8
21/4/2026 2:17,352.6
21/4/2026 2:18,308.3
21/4/2026 2:19,463.3
21/4/2026 2:21,378.6
21/4/2026 2:22,360.2
21/4/2026 2:23,449
21/4/2026 2:25,361.1
21/4/2026 2:26,398.6
21/4/2026 2:27,358
21/4/2026 2:28,441.2
21/4/2026 2:30,386.3
21/4/2026 2:31,370.1
21/4/2026 2:32,376.4
21/4/2026 2:34,413.8
21/4/2026 2:35,417.6
21/4/2026 2:36,310.6
21/4/2026 2:37,276.4
21/4/2026 2:39,416.2
21/4/2026 2:40,363.5
21/4/2026 2:41,399.7
21/4/2026 2:43,456.3
21/4/2026 2:44,391.6
21/4/2026 2:46,368.5
21/4/2026 2:47,419
21/4/2026 2:48,401.2
21/4/2026 2:49,381.2
21/4/2026 2:51,424.1
21/4/2026 2:52,414.3
21/4/2026 2:53,454.8
21/4/2026 2:55,360.6
21/4/2026 2:56,395.9
21/4/2026 2:57,393
21/4/2026 2:58,349.9
21/4/2026 3:00,316
21/4/2026 3:01,423.5
21/4/2026 3:02,473.9
21/4/2026 3:04,410.7
21/4/2026 3:05,380.4
21/4/2026 3:06,417.4
21/4/2026 3:08,309.2
21/4/2026 3:09,417.5
21/4/2026 3:10,463.9
21/4/2026 3:11,424.8
21/4/2026 3:13,416
21/4/2026 3:14,251.6
21/4/2026 3:16,316.3
21/4/2026 3:17,472.2
21/4/2026 3:18,415
21/4/2026 3:19,393.7
21/4/2026 3:21,469.8
21/4/2026 3:22,306.7
21/4/2026 3:23,419.8
21/4/2026 3:24,355.8
21/4/2026 3:26,423.8
21/4/2026 3:27,434.9
21/4/2026 3:28,314.9
21/4/2026 3:30,414.3
21/4/2026 3:31,421.9
21/4/2026 3:33,348.2
21/4/2026 3:34,402.3
21/4/2026 3:35,392.7
21/4/2026 3:36,431.7
21/4/2026 3:38,394.8
21/4/2026 3:39,372
21/4/2026 3:40,403.7
21/4/2026 3:42,376.1
21/4/2026 3:43,331.4
21/4/2026 3:44,376
21/4/2026 3:45,417.2
21/4/2026 3:47,362.9
21/4/2026 3:48,350.3
21/4/2026 3:50,387.4
21/4/2026 3:51,275.6
21/4/2026 3:52,396.6
21/4/2026 3:54,389.9
21/4/2026 3:55,370.5
21/4/2026 3:56,405
21/4/2026 3:57,375.6
21/4/2026 3:59,325.1
21/4/2026 4:00,395.6
21/4/2026 4:01,412.7
21/4/2026 4:03,335.6
21/4/2026 4:04,432.8
21/4/2026 4:05,383.8
21/4/2026 4:06,264.5
21/4/2026 4:08,416.9
21/4/2026 4:09,388.1
21/4/2026 4:10,312
21/4/2026 4:12,449.9
21/4/2026 4:13,421
21/4/2026 4:14,308.4
21/4/2026 4:16,353.1
21/4/2026 4:17,418.7
21/4/2026 4:18,328.4
21/4/2026 4:20,410.3
21/4/2026 4:21,360.3
21/4/2026 4:22,394.9
21/4/2026 4:24,358.9
21/4/2026 4:25,353.3
21/4/2026 4:26,401.8
21/4/2026 4:28,412.7
21/4/2026 4:29,381.6
21/4/2026 4:30,443.3
21/4/2026 4:31,350.6
21/4/2026 4:33,352.9
21/4/2026 4:34,361.6
21/4/2026 4:35,373.4
21/4/2026 4:37,398.4
21/4/2026 4:38,385.9
21/4/2026 4:39,447.3
21/4/2026 4:41,422.7
21/4/2026 4:42,359
21/4/2026 4:43,324.8
21/4/2026 4:44,360.1
21/4/2026 4:46,438
21/4/2026 4:47,353.9
21/4/2026 4:48,305
21/4/2026 4:50,405.5
21/4/2026 4:51,387.7
21/4/2026 4:52,361.9
21/4/2026 4:54,377.2
21/4/2026 4:55,454.2
21/4/2026 4:56,408.9
21/4/2026 4:58,336.4
21/4/2026 4:59,439.9
21/4/2026 5:00,376.7
21/4/2026 5:02,330.6
21/4/2026 5:03,436.5
21/4/2026 5:04,412.6
21/4/2026 5:05,433.1
21/4/2026 5:07,415.7
21/4/2026 5:09,294.1
21/4/2026 5:10,393.3
21/4/2026 5:11,406.9
21/4/2026 5:13,430.2
21/4/2026 5:14,399.7
21/4/2026 5:15,443.6
21/4/2026 5:17,453.1
21/4/2026 5:18,286.9
21/4/2026 5:19,357.5
21/4/2026 5:20,421.6
21/4/2026 5:22,436.3
21/4/2026 5:23,375.3
21/4/2026 5:24,389
21/4/2026 5:26,443.2
21/4/2026 5:27,261.1
21/4/2026 5:28,390.7
21/4/2026 5:29,339.2
21/4/2026 5:31,370.1
21/4/2026 5:32,431.6
21/4/2026 5:33,377.5
21/4/2026 5:35,417.8
21/4/2026 5:36,367.4
21/4/2026 5:37,342.2
21/4/2026 5:39,417.9
21/4/2026 5:40,434.8
21/4/2026 5:42,368.5
21/4/2026 5:43,464.5
21/4/2026 5:44,333.7
21/4/2026 5:46,394.1
21/4/2026 5:47,415
21/4/2026 5:48,419.4
21/4/2026 5:50,396.5
21/4/2026 5:51,387.4
21/4/2026 5:52,427.1
21/4/2026 5:53,383.5
21/4/2026 5:55,287.6
21/4/2026 5:56,333.6
21/4/2026 5:57,412.4
21/4/2026 5:59,369.6
21/4/2026 6:00,392.3
21/4/2026 6:01,333.7
21/4/2026 6:03,321.1
21/4/2026 6:04,424.7
21/4/2026 6:05,390.5
21/4/2026 6:07,341.4
21/4/2026 6:08,472.1
21/4/2026 6:09,433.9
21/4/2026 6:11,345
21/4/2026 6:12,409.3
21/4/2026 6:13,408.7
21/4/2026 6:14,431.1
21/4/2026 6:16,419.7
21/4/2026 6:17,428.6
21/4/2026 6:18,413.9
21/4/2026 6:20,376.3
21/4/2026 6:21,385.2
21/4/2026 6:22,445.4
21/4/2026 6:23,467.2
21/4/2026 6:25,373.7
21/4/2026 6:26,431.6
21/4/2026 6:27,451.9
21/4/2026 6:29,387.8
21/4/2026 6:30,371
21/4/2026 6:31,433.2
21/4/2026 6:33,472.3
21/4/2026 6:34,400.7
21/4/2026 6:35,483.6
21/4/2026 6:36,514.1
21/4/2026 6:38,415.2
21/4/2026 6:39,426.8
21/4/2026 6:40,441.1
21/4/2026 6:42,481.7
21/4/2026 6:43,462.9
21/4/2026 6:44,412.9
21/4/2026 6:46,460.1
21/4/2026 6:47,349.7
21/4/2026 6:48,400.2
21/4/2026 6:49,413.8
21/4/2026 6:51,378
21/4/2026 6:52,486.8
21/4/2026 6:53,404.2
21/4/2026 6:55,394.8
21/4/2026 6:56,420.6
21/4/2026 6:57,407
21/4/2026 6:58,351.6
21/4/2026 7:00,519.2
21/4/2026 7:01,625.9
21/4/2026 7:02,437.1
21/4/2026 7:04,477.1
21/4/2026 7:05,419.7
21/4/2026 7:06,561.7
21/4/2026 7:08,467.2
21/4/2026 7:09,461.4
21/4/2026 7:10,507
21/4/2026 7:12,548.5
21/4/2026 7:13,511
21/4/2026 7:14,373.5
21/4/2026 7:16,492.4
21/4/2026 7:17,509.6
21/4/2026 7:18,461.6
21/4/2026 7:20,479.2
21/4/2026 7:21,445.3
21/4/2026 7:22,434.5
21/4/2026 7:24,460.2
21/4/2026 7:25,447.4
21/4/2026 7:26,472.2
21/4/2026 7:28,493.1
21/4/2026 7:29,493.8
21/4/2026 7:30,517.8
21/4/2026 7:32,447.2
21/4/2026 7:33,409.6
21/4/2026 7:34,486.8
21/4/2026 7:35,454.9
21/4/2026 7:37,539.2
21/4/2026 7:38,489.6
21/4/2026 7:39,487.1
21/4/2026 7:41,520.8
21/4/2026 7:42,457.7
21/4/2026 7:43,415.3
21/4/2026 7:44,488
21/4/2026 7:46,451.9
21/4/2026 7:47,434.1
21/4/2026 7:48,427.4
21/4/2026 7:50,424.2
21/4/2026 7:51,480.4
21/4/2026 7:52,448
21/4/2026 7:53,471.8
21/4/2026 7:55,538.4
21/4/2026 7:56,458.2
21/4/2026 7:57,420
21/4/2026 7:59,395.7
21/4/2026 8:00,350.3
21/4/2026 8:01,489.4
21/4/2026 8:03,459.2
21/4/2026 8:04,436.1
21/4/2026 8:05,445.3
21/4/2026 8:07,411.9
21/4/2026 8:08,410.8
21/4/2026 8:09,375.8
21/4/2026 8:11,466.6
21/4/2026 8:12,441.9
21/4/2026 8:13,440.7
21/4/2026 8:14,433.9
21/4/2026 8:16,402.8
21/4/2026 8:17,428.5
21/4/2026 8:18,389.5
21/4/2026 8:20,398.7
21/4/2026 8:21,363.3
21/4/2026 8:22,424.9
21/4/2026 8:23,451.7
21/4/2026 8:25,357
21/4/2026 8:26,353.5
21/4/2026 8:27,435.7
21/4/2026 8:29,370.9
21/4/2026 8:30,441.9
21/4/2026 8:31,397.8
21/4/2026 8:32,382.9
21/4/2026 8:34,430.2
21/4/2026 8:35,390.7
21/4/2026 8:36,401.2
21/4/2026 8:37,447.1
21/4/2026 8:39,358.7
21/4/2026 8:40,433.8
21/4/2026 8:41,466.3
21/4/2026 8:42,281.3
21/4/2026 8:44,326.6
21/4/2026 8:45,407.3
21/4/2026 8:47,396
21/4/2026 8:48,391.8
21/4/2026 8:49,364.1
21/4/2026 8:50,391.4
21/4/2026 8:52,321
21/4/2026 8:53,359.8
21/4/2026 8:54,360.3
21/4/2026 8:56,311.4
21/4/2026 8:57,428.6
21/4/2026 8:58,384
21/4/2026 9:00,326.6
21/4/2026 9:01,313.8
21/4/2026 9:02,359.5
21/4/2026 9:04,347.5
21/4/2026 9:05,336.2
21/4/2026 9:06,399.9
21/4/2026 9:08,370.2
21/4/2026 9:09,326.2
21/4/2026 9:10,313.9
21/4/2026 9:12,346.1
21/4/2026 9:13,363.2
21/4/2026 9:14,242.5
21/4/2026 9:15,401.4
21/4/2026 9:17,361.7
21/4/2026 9:18,307
21/4/2026 9:19,348.5
21/4/2026 9:21,330.9
21/4/2026 9:22,322.6
21/4/2026 9:23,438.2
21/4/2026 9:24,368.1
21/4/2026 9:26,293.1
21/4/2026 9:27,378.8
21/4/2026 9:28,382.2
21/4/2026 9:30,256.7
21/4/2026 9:31,311.6
21/4/2026 9:32,390
21/4/2026 9:34,328.7
21/4/2026 9:35,304.7
21/4/2026 9:36,362.1
21/4/2026 9:38,332.7
21/4/2026 9:39,379.3
21/4/2026 9:40,281.3
21/4/2026 9:42,267.9
21/4/2026 9:43,381.9
21/4/2026 9:44,317.9
21/4/2026 9:46,275.2
21/4/2026 9:47,354.9
21/4/2026 9:48,365.2
21/4/2026 9:50,308
21/4/2026 9:51,305.5
21/4/2026 9:52,388.5
21/4/2026 9:54,336.5
21/4/2026 9:55,200.1
21/4/2026 9:56,274.8
21/4/2026 9:58,280.8
21/4/2026 9:59,366.8
21/4/2026 10:00,348.8
21/4/2026 10:02,260.3
21/4/2026 10:03,272.4
21/4/2026 10:04,361.6
21/4/2026 10:06,370.6
21/4/2026 10:07,343.2
21/4/2026 10:09,326.3
21/4/2026 10:10,299.9
21/4/2026 10:11,198.9
21/4/2026 10:12,284.1
21/4/2026 10:14,342.3
21/4/2026 10:15,339.2
21/4/2026 10:16,295.3
21/4/2026 10:18,266.2
21/4/2026 10:19,322.6
21/4/2026 10:20,289.7
21/4/2026 10:21,284.4
21/4/2026 10:23,280.1
21/4/2026 10:24,288.2
21/4/2026 10:25,363.7
21/4/2026 10:26,303.5
21/4/2026 10:28,376.9
21/4/2026 10:29,300.8
21/4/2026 10:30,339.7
21/4/2026 10:32,374.8
21/4/2026 10:33,361.5
21/4/2026 10:34,324
21/4/2026 10:36,264.9
21/4/2026 10:37,199.5
21/4/2026 10:38,231.7
21/4/2026 10:40,261.2
21/4/2026 10:41,266.1
21/4/2026 10:42,251.9
21/4/2026 10:43,170.9
21/4/2026 10:45,189.3
21/4/2026 10:46,233.8
21/4/2026 10:47,227.5
21/4/2026 10:49,257.9
21/4/2026 10:50,243.8
21/4/2026 10:51,240.7
21/4/2026 10:53,307.6
21/4/2026 10:54,336.8
21/4/2026 10:55,282.1
21/4/2026 10:57,315.4
21/4/2026 10:58,379.5
21/4/2026 10:59,288.4
21/4/2026 11:01,376.7
21/4/2026 11:02,360.4
21/4/2026 11:03,300.2
21/4/2026 11:05,359
21/4/2026 11:06,340.9
21/4/2026 11:07,310.8
21/4/2026 11:08,302
21/4/2026 11:10,383.7
21/4/2026 11:11,363.3
21/4/2026 11:12,313.3
21/4/2026 11:14,315
21/4/2026 11:15,391.5
21/4/2026 11:16,251.4
21/4/2026 11:17,356.4
21/4/2026 11:19,355.3
21/4/2026 11:20,337.4
21/4/2026 11:21,364.2
21/4/2026 11:22,322
21/4/2026 11:24,406.6
21/4/2026 11:25,332.8
21/4/2026 11:26,310.6
21/4/2026 11:28,315.4
21/4/2026 11:29,317
21/4/2026 11:30,378.5
21/4/2026 11:32,206.7
21/4/2026 11:33,143
21/4/2026 11:34,187.7
21/4/2026 11:36,172.6
21/4/2026 11:37,168
21/4/2026 11:38,118.4
21/4/2026 11:39,157.6
21/4/2026 11:41,119.3
21/4/2026 11:42,124.8
21/4/2026 11:43,171.5
21/4/2026 11:45,146.5
21/4/2026 11:46,138
21/4/2026 11:47,132.9
21/4/2026 11:49,165.9
21/4/2026 11:50,154.9
21/4/2026 11:51,137.3
21/4/2026 11:53,124.2
21/4/2026 11:54,130
21/4/2026 11:55,109.6
21/4/2026 11:56,86.3
21/4/2026 11:58,83.4
21/4/2026 11:59,112.7
21/4/2026 12:00,75.8
21/4/2026 12:01,60.3
21/4/2026 12:03,57.9
21/4/2026 12:04,90.4
21/4/2026 12:05,80.8
21/4/2026 12:07,50.4
21/4/2026 12:08,42.6
21/4/2026 12:09,76.4
21/4/2026 12:10,66.2
21/4/2026 12:12,78.4
21/4/2026 12:13,74.6
21/4/2026 12:15,75.9
21/4/2026 12:16,57.7
21/4/2026 12:17,81.4
21/4/2026 12:19,113.9
21/4/2026 12:20,93.6
21/4/2026 12:21,61.2
21/4/2026 12:23,53.2
21/4/2026 12:24,47.5
21/4/2026 12:25,67.9
21/4/2026 12:26,71.4
21/4/2026 12:28,51.9
21/4/2026 12:29,66.9
21/4/2026 12:30,56
21/4/2026 12:32,68.9
21/4/2026 12:33,67.6
21/4/2026 12:34,79
21/4/2026 12:35,40.5
21/4/2026 12:37,36
21/4/2026 12:38,73.3
21/4/2026 12:39,78.5
21/4/2026 12:41,41.4
21/4/2026 12:42,48.9
21/4/2026 12:43,66.2
21/4/2026 12:45,71.3
21/4/2026 12:46,68.8
21/4/2026 12:47,84.3
21/4/2026 12:49,40.9
21/4/2026 12:50,80.1
21/4/2026 12:51,105.9
21/4/2026 12:53,36.1
21/4/2026 12:54,35.7
21/4/2026 12:55,72.4
21/4/2026 12:57,73.2
21/4/2026 12:58,64
21/4/2026 12:59,50
21/4/2026 13:00,45.8
21/4/2026 13:02,109.9
21/4/2026 13:03,124.1
21/4/2026 13:04,98.6
21/4/2026 13:06,109.4
21/4/2026 13:07,131.4
21/4/2026 13:08,181.3
21/4/2026 13:09,111.6
21/4/2026 13:11,115.6
21/4/2026 13:12,95.8
21/4/2026 13:13,114.7
21/4/2026 13:15,124.3
21/4/2026 13:16,112.6
21/4/2026 13:17,43.9
21/4/2026 13:18,51.9
21/4/2026 13:20,69.3
21/4/2026 13:21,51.6
21/4/2026 13:22,43.1
21/4/2026 13:24,53.1
21/4/2026 13:25,56.6
21/4/2026 13:26,62.7
21/4/2026 13:27,84.3
21/4/2026 13:29,49.5
21/4/2026 13:30,44.6
21/4/2026 13:31,111.7
21/4/2026 13:33,67.1
21/4/2026 13:34,41.4
21/4/2026 13:35,63.9
21/4/2026 13:37,34.6
21/4/2026 13:38,70.1
21/4/2026 13:39,69.5
21/4/2026 13:41,33.8
21/4/2026 13:42,52.9
21/4/2026 13:43,101.8
21/4/2026 13:44,77.8
21/4/2026 13:45,47.4
21/4/2026 13:47,46
21/4/2026 13:48,55.3
21/4/2026 13:49,51.9
21/4/2026 13:51,65.2
21/4/2026 13:52,70
21/4/2026 13:53,71.6
21/4/2026 13:54,55.7
21/4/2026 13:56,97.4
21/4/2026 13:57,64.4
21/4/2026 13:58,42.8
21/4/2026 14:00,38.5
21/4/2026 14:01,52.5
21/4/2026 14:02,39.4
21/4/2026 14:03,48
21/4/2026 14:05,57.2
21/4/2026 14:06,38.1
21/4/2026 14:07,24.5
21/4/2026 14:08,33.7
21/4/2026 14:10,80.7
21/4/2026 14:11,38.7
21/4/2026 14:12,42.5
21/4/2026 14:14,35.8
21/4/2026 14:15,36.5
21/4/2026 14:17,56.4
21/4/2026 14:18,33.2
21/4/2026 14:19,68.1
21/4/2026 14:20,86.7
21/4/2026 14:22,57.2
21/4/2026 14:23,51.4
21/4/2026 14:24,80.9
21/4/2026 14:26,67.7
21/4/2026 14:27,43.2
21/4/2026 14:28,92.1
21/4/2026 14:29,59
21/4/2026 14:31,69.1
21/4/2026 14:32,81.2
21/4/2026 14:33,50.1
21/4/2026 14:34,60.9
21/4/2026 14:36,55.2
21/4/2026 14:37,60.9
21/4/2026 14:38,66.7
21/4/2026 14:39,66.1
21/4/2026 14:41,62.9
21/4/2026 14:42,87.9
21/4/2026 14:43,77.7
21/4/2026 14:45,51.6
21/4/2026 14:46,55.6
21/4/2026 14:48,43.7
21/4/2026 14:49,52.9
21/4/2026 14:50,71.2
21/4/2026 14:51,71.7
21/4/2026 14:53,58
21/4/2026 14:54,75.2
21/4/2026 14:55,55.1
21/4/2026 14:57,48.5
21/4/2026 14:58,92.9
21/4/2026 14:59,76.6
21/4/2026 15:00,53.3
21/4/2026 15:02,53.1
21/4/2026 15:03,70.7
21/4/2026 15:04,58.2
21/4/2026 15:06,52.2
21/4/2026 15:07,53.5
21/4/2026 15:08,62.9
21/4/2026 15:10,111.3
21/4/2026 15:11,77.8
21/4/2026 15:12,47.4
21/4/2026 15:13,73.5
21/4/2026 15:15,86.2
21/4/2026 15:16,88.6
21/4/2026 15:17,39
21/4/2026 15:19,40.5
21/4/2026 15:20,58.9
21/4/2026 15:21,83
21/4/2026 15:22,78.9
21/4/2026 15:24,62.2
21/4/2026 15:25,40
21/4/2026 15:27,47.1
21/4/2026 15:28,77.5
21/4/2026 15:29,83.5
21/4/2026 15:31,48.2
21/4/2026 15:32,57.1
21/4/2026 15:33,40.9
21/4/2026 15:35,34.3
21/4/2026 15:36,44.8
21/4/2026 15:37,112
21/4/2026 15:38,50.3
21/4/2026 15:40,42.8
21/4/2026 15:41,57.9
21/4/2026 15:42,61.6
21/4/2026 15:44,77.7
21/4/2026 15:45,89.2
21/4/2026 15:46,44.8
21/4/2026 15:47,50
21/4/2026 15:49,73.5
21/4/2026 15:50,86.3
21/4/2026 15:51,56.5
21/4/2026 15:53,53.9
21/4/2026 15:54,73.4
21/4/2026 15:55,86.7
21/4/2026 15:56,60.8
21/4/2026 15:58,75.3
21/4/2026 15:59,60.4
21/4/2026 16:00,77
21/4/2026 16:02,79.8
21/4/2026 16:03,58.7
21/4/2026 16:04,56.6
21/4/2026 16:05,74.5
21/4/2026 16:07,62.7
21/4/2026 16:08,60.6
21/4/2026 16:10,87.9
21/4/2026 16:11,63
21/4/2026 16:12,47.4
21/4/2026 16:13,74.5
21/4/2026 16:15,51.5
21/4/2026 16:16,60.3
21/4/2026 16:17,79
21/4/2026 16:19,56.2
21/4/2026 16:20,57
21/4/2026 16:21,88.1
21/4/2026 16:23,88.1
21/4/2026 16:24,84.1
21/4/2026 16:25,65.2
21/4/2026 16:26,79.1
21/4/2026 16:28,70.3
21/4/2026 16:29,83.9
21/4/2026 16:30,87
21/4/2026 16:32,72.8
21/4/2026 16:33,50.3
21/4/2026 16:34,57.1
21/4/2026 16:35,92.9
21/4/2026 16:37,49.5
21/4/2026 16:38,53.9
21/4/2026 16:39,46.3
21/4/2026 16:41,80.5
21/4/2026 16:42,107.9
21/4/2026 16:43,52.6
21/4/2026 16:44,46.5
21/4/2026 16:46,42.7
21/4/2026 16:47,80
21/4/2026 16:48,51
21/4/2026 16:50,68.4
21/4/2026 16:51,81.3
21/4/2026 16:52,111.9
21/4/2026 16:54,68
21/4/2026 16:55,55.7
21/4/2026 16:56,84.4
21/4/2026 16:58,124.1
21/4/2026 16:59,66.9
21/4/2026 17:00,64.3
21/4/2026 17:02,68.2
21/4/2026 17:04,62.7
21/4/2026 17:05,57.3
21/4/2026 17:06,124.9
21/4/2026 17:08,86.3
21/4/2026 17:09,67.4
21/4/2026 17:10,61.7
21/4/2026 17:11,82.2
21/4/2026 17:13,109.4
21/4/2026 17:14,68.3
21/4/2026 17:15,65.9
21/4/2026 17:17,88.8
21/4/2026 17:18,129.9
21/4/2026 17:19,117.4
21/4/2026 17:21,88
21/4/2026 17:22,97.3
21/4/2026 17:23,113.2
21/4/2026 17:25,108.4
21/4/2026 17:26,118.1
21/4/2026 17:27,115.9
21/4/2026 17:29,106.6
21/4/2026 17:30,87.5
21/4/2026 17:31,77.6
21/4/2026 17:33,87.7
21/4/2026 17:34,138.5
21/4/2026 17:35,99.4
21/4/2026 17:37,112.7
21/4/2026 17:38,106.1
21/4/2026 17:39,85.4
21/4/2026 17:41,117.9
21/4/2026 17:42,95.9
21/4/2026 17:43,87.8
21/4/2026 17:45,99.4
21/4/2026 17:46,92.3
21/4/2026 17:47,93.3
21/4/2026 17:49,110.5
21/4/2026 17:50,103.6
21/4/2026 17:51,106.9
21/4/2026 17:53,113.6
21/4/2026 17:54,79.7
21/4/2026 17:55,111.9
21/4/2026 17:56,144.2
21/4/2026 17:58,91.6
21/4/2026 17:59,104.5
21/4/2026 18:00,106.2
21/4/2026 18:02,108.9
21/4/2026 18:03,83.4
21/4/2026 18:04,105.1
21/4/2026 18:06,109.1
21/4/2026 18:07,110.2
21/4/2026 18:08,126.7
21/4/2026 18:09,127.3
21/4/2026 18:11,116
21/4/2026 18:12,137.8
21/4/2026 18:13,131.3
21/4/2026 18:15,120
21/4/2026 18:16,104.2
21/4/2026 18:17,126
21/4/2026 18:19,151.6
21/4/2026 18:20,134.4
21/4/2026 18:21,170.9
21/4/2026 18:23,147.2
21/4/2026 18:24,195.5
21/4/2026 18:25,171.2
21/4/2026 18:26,129.2
21/4/2026 18:28,182
21/4/2026 18:29,187
21/4/2026 18:30,112.1
21/4/2026 18:32,160.3
21/4/2026 18:33,164.9
21/4/2026 18:34,128.7
21/4/2026 18:36,114.2
21/4/2026 18:37,140.4
21/4/2026 18:38,98.3
21/4/2026 18:40,158.4
21/4/2026 18:41,128.8
21/4/2026 18:42,100.4
21/4/2026 18:44,137.8
21/4/2026 18:45,140.4
21/4/2026 18:46,107.4
21/4/2026 18:48,123.7
21/4/2026 18:49,161.4
21/4/2026 18:50,148.6
21/4/2026 18:51,129.8
21/4/2026 18:53,124.1
21/4/2026 18:54,110.2
21/4/2026 18:55,134.1
21/4/2026 18:57,115.1
21/4/2026 18:58,116.4
21/4/2026 18:59,116.6
21/4/2026 19:00,164.4
21/4/2026 19:02,113
21/4/2026 19:03,99.7
21/4/2026 19:04,122.4
21/4/2026 19:06,149.6
21/4/2026 19:07,102.8
21/4/2026 19:08,123.7
21/4/2026 19:10,92.2
21/4/2026 19:11,119.3
21/4/2026 19:12,96.5
21/4/2026 19:14,109.6
21/4/2026 19:15,88
21/4/2026 19:16,91
21/4/2026 19:17,136.5
21/4/2026 19:19,136.6
21/4/2026 19:20,115.9
21/4/2026 19:21,123.1
21/4/2026 19:22,129.8
21/4/2026 19:24,132.8
21/4/2026 19:25,107.9
21/4/2026 19:26,108.2
21/4/2026 19:28,102.5
21/4/2026 19:29,170.8
21/4/2026 19:30,124.4
21/4/2026 19:32,140.4
21/4/2026 19:33,161.9
21/4/2026 19:34,173
21/4/2026 19:36,122.3
21/4/2026 19:37,115.6
21/4/2026 19:38,149.9
21/4/2026 19:40,115.4
21/4/2026 19:41,154.7
21/4/2026 19:43,141.4
21/4/2026 19:44,124.6
21/4/2026 19:45,107.5
21/4/2026 19:47,127.6
21/4/2026 19:48,147
21/4/2026 19:49,122.9
21/4/2026 19:51,106.8
21/4/2026 19:52,185
21/4/2026 19:53,159.4
21/4/2026 19:55,83.2
21/4/2026 19:56,82.2
21/4/2026 19:57,130.1
21/4/2026 19:59,106
21/4/2026 20:00,126
21/4/2026 20:01,101.7
21/4/2026 20:02,121.7
21/4/2026 20:04,166.6
21/4/2026 20:05,93.5
21/4/2026 20:06,87.8
21/4/2026 20:08,106.7
21/4/2026 20:09,128.1
21/4/2026 20:10,93.4
21/4/2026 20:12,116.7
21/4/2026 20:13,135.6
21/4/2026 20:14,142.8
21/4/2026 20:15,135.7
21/4/2026 20:17,132.2
21/4/2026 20:18,115.3
21/4/2026 20:19,137.4
21/4/2026 20:20,144.3
21/4/2026 20:22,115.8
21/4/2026 20:23,111.5
21/4/2026 20:24,105.9
21/4/2026 20:26,105.9
21/4/2026 20:27,133.6
21/4/2026 20:28,124.6
21/4/2026 20:30,120.9
21/4/2026 20:31,137.3
21/4/2026 20:32,135.7
21/4/2026 20:33,141.6
21/4/2026 20:35,121.3
21/4/2026 20:36,116.6
21/4/2026 20:37,136.5
21/4/2026 20:39,106.6
21/4/2026 20:40,110.9
21/4/2026 20:41,129.8
21/4/2026 20:43,163.7
21/4/2026 20:44,96.9
21/4/2026 20:45,113.1
21/4/2026 20:47,153.9
21/4/2026 20:48,126
21/4/2026 20:49,118
21/4/2026 20:50,83.8
21/4/2026 20:52,94.6
21/4/2026 20:53,133.1
21/4/2026 20:54,115.7
21/4/2026 20:56,105.2
21/4/2026 20:57,85.4
21/4/2026 20:58,159.4
21/4/2026 20:59,153.5
21/4/2026 21:01,95.8
21/4/2026 21:02,129.2
21/4/2026 21:03,165.2
21/4/2026 21:05,144.6
21/4/2026 21:06,90.9
21/4/2026 21:07,81
21/4/2026 21:08,78.5
21/4/2026 21:10,124.1
21/4/2026 21:11,110.6
21/4/2026 21:12,90.2
21/4/2026 21:14,86.6
21/4/2026 21:15,144.1
21/4/2026 21:16,110.1
21/4/2026 21:17,102.3
21/4/2026 21:19,108.7
21/4/2026 21:20,93.4
21/4/2026 21:21,115.4
21/4/2026 21:23,115.3
21/4/2026 21:24,121.7
21/4/2026 21:25,92.4
21/4/2026 21:26,151
21/4/2026 21:28,165.9
21/4/2026 21:29,130.4
21/4/2026 21:30,88.8
21/4/2026 21:32,147.1
21/4/2026 21:33,161.1
21/4/2026 21:34,140.1
21/4/2026 21:36,143.2
21/4/2026 21:37,150.7
21/4/2026 21:38,125.6
21/4/2026 21:40,174.2
21/4/2026 21:41,158.9
21/4/2026 21:42,89.6
21/4/2026 21:43,179.3
21/4/2026 21:45,187.8
21/4/2026 21:46,110.5
21/4/2026 21:47,128
21/4/2026 21:49,129.8
21/4/2026 21:50,120.4
21/4/2026 21:51,127.9
21/4/2026 21:53,126.6
21/4/2026 21:54,86.8
21/4/2026 21:55,121.6
21/4/2026 21:56,127.3
21/4/2026 21:58,84.1
21/4/2026 21:59,107.3
21/4/2026 22:00,118.7
21/4/2026 22:02,120.7
21/4/2026 22:03,127
21/4/2026 22:04,130.3
21/4/2026 22:05,95.2
21/4/2026 22:07,121.4
21/4/2026 22:08,118
21/4/2026 22:09,121.7
21/4/2026 22:11,114.8
21/4/2026 22:12,115.6
21/4/2026 22:14,88.9
21/4/2026 22:15,82.1
21/4/2026 22:16,109.7
21/4/2026 22:18,87.2
21/4/2026 22:19,88.5
21/4/2026 22:20,147.1
21/4/2026 22:21,136.8
21/4/2026 22:23,82.4
21/4/2026 22:24,103.9
21/4/2026 22:25,134.5
21/4/2026 22:26,124.7
21/4/2026 22:28,124.5
21/4/2026 22:29,140.2
21/4/2026 22:30,98.3
21/4/2026 22:32,120.1
21/4/2026 22:33,147.8
21/4/2026 22:34,122.2
21/4/2026 22:35,130.4
21/4/2026 22:37,166.2
21/4/2026 22:38,132.4
21/4/2026 22:39,110.7
21/4/2026 22:41,125.6
21/4/2026 22:42,122.5
21/4/2026 22:43,139.2
21/4/2026 22:44,135.6
21/4/2026 22:46,82
21/4/2026 22:47,87.7
21/4/2026 22:48,139.6
21/4/2026 22:50,158.5
21/4/2026 22:51,100.4
21/4/2026 22:52,113.3
21/4/2026 22:54,141.8
21/4/2026 22:55,153.8
21/4/2026 22:56,90.8
21/4/2026 22:57,111.6
21/4/2026 22:59,74.4
21/4/2026 23:00,97.2
21/4/2026 23:01,83.5
21/4/2026 23:03,73.3
21/4/2026 23:04,77.8
21/4/2026 23:06,94.6
21/4/2026 23:07,97.8
21/4/2026 23:08,138.6
21/4/2026 23:09,118.1
21/4/2026 23:11,73.1
21/4/2026 23:12,97.4
21/4/2026 23:13,87.6
21/4/2026 23:15,108.1
21/4/2026 23:16,78
21/4/2026 23:17,85.1
21/4/2026 23:18,82.1
21/4/2026 23:20,139.6
21/4/2026 23:21,139.4
21/4/2026 23:22,96.9
21/4/2026 23:24,106.5
21/4/2026 23:25,100.7
21/4/2026 23:26,104
21/4/2026 23:27,88.6
21/4/2026 23:29,88.8
21/4/2026 23:30,94
21/4/2026 23:31,114.2
21/4/2026 23:33,115.7
21/4/2026 23:34,125
21/4/2026 23:35,89.2
21/4/2026 23:37,157.1
21/4/2026 23:38,102.7
21/4/2026 23:39,129.1
21/4/2026 23:41,145.9
21/4/2026 23:42,125.6
21/4/2026 23:43,89.5
21/4/2026 23:44,97.6
21/4/2026 23:46,120.3
21/4/2026 23:47,123.9
21/4/2026 23:48,141.4
21/4/2026 23:50,87.9
21/4/2026 23:51,105.8
21/4/2026 23:52,152.3
21/4/2026 23:54,166.2
21/4/2026 23:55,89.9
21/4/2026 23:56,92.8
21/4/2026 23:57,90.1
21/4/2026 23:59,103.6
22/4/2026 0:00,83.5
22/4/2026 0:01,93.6
22/4/2026 0:03,117.2
22/4/2026 0:04,139.2
22/4/2026 0:05,94.1
22/4/2026 0:06,80.1
22/4/2026 0:08,141.8
22/4/2026 0:09,101.8
22/4/2026 0:11,97
22/4/2026 0:12,141.8
22/4/2026 0:13,91.8
22/4/2026 0:14,81.7
22/4/2026 0:16,111.2
22/4/2026 0:17,101.4
22/4/2026 0:18,135.1
22/4/2026 0:19,124.8
22/4/2026 0:21,113
22/4/2026 0:22,84
22/4/2026 0:23,150.6
22/4/2026 0:25,89.9
22/4/2026 0:26,88.6
22/4/2026 0:27,92.3
22/4/2026 0:28,119.8
22/4/2026 0:30,125.8
22/4/2026 0:31,82.7
22/4/2026 0:32,136.7
22/4/2026 0:34,116.4
22/4/2026 0:35,140.5
22/4/2026 0:36,136.6
22/4/2026 0:38,94.3
22/4/2026 0:39,124.5
22/4/2026 0:40,141.6
22/4/2026 0:42,143.1
22/4/2026 0:43,129.2
22/4/2026 0:44,155.7
22/4/2026 0:46,119.7
22/4/2026 0:47,129.6
22/4/2026 0:48,136.1
22/4/2026 0:50,154.3
22/4/2026 0:51,135.6
22/4/2026 0:52,99.6
22/4/2026 0:53,159.4
22/4/2026 0:55,142.3
22/4/2026 0:56,105.3
22/4/2026 0:57,97.6
22/4/2026 0:59,162.6
22/4/2026 1:00,113.4
22/4/2026 1:01,138.4
22/4/2026 1:03,125.6
22/4/2026 1:04,147.4
22/4/2026 1:05,164.5
22/4/2026 1:07,167.8
22/4/2026 1:08,105
22/4/2026 1:09,139
22/4/2026 1:11,133.5
22/4/2026 1:12,111
22/4/2026 1:13,127.3
22/4/2026 1:14,158.2
22/4/2026 1:16,123.5
22/4/2026 1:17,156.3
22/4/2026 1:18,157.4
22/4/2026 1:20,116.4
22/4/2026 1:21,158.7
22/4/2026 1:22,144.8
22/4/2026 1:24,108.1
22/4/2026 1:25,156.9
22/4/2026 1:26,128
22/4/2026 1:27,103.2
22/4/2026 1:29,141.1
22/4/2026 1:30,177.1
22/4/2026 1:31,105.7
22/4/2026 1:33,135.5
22/4/2026 1:34,112.6
22/4/2026 1:35,127.9
22/4/2026 1:36,134.4
22/4/2026 1:38,106.8
22/4/2026 1:39,121.7
22/4/2026 1:40,111.1
22/4/2026 1:42,104.6
22/4/2026 1:43,151.1
22/4/2026 1:45,99.8
22/4/2026 1:46,137.3
22/4/2026 1:48,162
22/4/2026 1:49,143.8
22/4/2026 1:50,142
22/4/2026 1:51,130.8
22/4/2026 1:53,103.8
22/4/2026 1:54,90.1
22/4/2026 1:55,121.5
22/4/2026 1:56,95.4
22/4/2026 1:58,101.9
22/4/2026 1:59,91.6
22/4/2026 2:00,137
22/4/2026 2:01,121.9
22/4/2026 2:03,135.9
22/4/2026 2:04,145
22/4/2026 2:05,137
22/4/2026 2:06,83.4
22/4/2026 2:08,124.4
22/4/2026 2:09,113.4
22/4/2026 2:10,109.2
22/4/2026 2:12,103.3
22/4/2026 2:13,83.4
22/4/2026 2:14,89.8
22/4/2026 2:15,115.4
22/4/2026 2:17,118.1
22/4/2026 2:18,118.8
22/4/2026 2:19,139.3
22/4/2026 2:20,94
22/4/2026 2:22,138.8
22/4/2026 2:23,129.7
22/4/2026 2:24,98.8
22/4/2026 2:25,79.3
22/4/2026 2:27,135
22/4/2026 2:28,116.6
22/4/2026 2:29,93.3
22/4/2026 2:31,78.5
22/4/2026 2:32,147.2
22/4/2026 2:33,120.3
22/4/2026 2:35,122.9
22/4/2026 2:36,97.7
22/4/2026 2:37,95.3
22/4/2026 2:38,124.8
22/4/2026 2:40,92.1
22/4/2026 2:41,107.7
22/4/2026 2:42,104.3
22/4/2026 2:44,146.9
22/4/2026 2:45,93.7
22/4/2026 2:46,100.7
22/4/2026 2:48,158
22/4/2026 2:49,114.8
22/4/2026 2:50,86.6
22/4/2026 2:51,105
22/4/2026 2:53,127.6
22/4/2026 2:54,108.7
22/4/2026 2:55,139.1
22/4/2026 2:57,105.1
22/4/2026 2:58,156.7
22/4/2026 2:59,120.3
22/4/2026 3:00,104.8
22/4/2026 3:02,111.9
22/4/2026 3:03,144.7
22/4/2026 3:04,111.4
22/4/2026 3:06,105.6
22/4/2026 3:07,94.4
22/4/2026 3:08,124.6
22/4/2026 3:10,142.7
22/4/2026 3:11,121
22/4/2026 3:12,92
22/4/2026 3:13,105.3
22/4/2026 3:15,123.7
22/4/2026 3:16,95.8
22/4/2026 3:17,116.6
22/4/2026 3:19,109.4
22/4/2026 3:20,75.7
22/4/2026 3:22,94.1
22/4/2026 3:23,94.1
22/4/2026 3:24,123.3
22/4/2026 3:25,119.5
22/4/2026 3:27,103.9
22/4/2026 3:28,90.6
22/4/2026 3:30,166
22/4/2026 3:31,145.8
22/4/2026 3:33,137.7
22/4/2026 3:34,81.2
22/4/2026 3:35,97.4
22/4/2026 3:36,105.5
22/4/2026 3:38,118.7
22/4/2026 3:39,111
22/4/2026 3:40,113.8
22/4/2026 3:41,109.5
22/4/2026 3:43,123.3
22/4/2026 3:44,134.4
22/4/2026 3:45,84.2
22/4/2026 3:47,82.9
22/4/2026 3:48,125.8
22/4/2026 3:49,88.4
22/4/2026 3:51,80.2
22/4/2026 3:52,114.9
22/4/2026 3:53,185.1
22/4/2026 3:54,109.2
22/4/2026 3:56,120.6
22/4/2026 3:57,124.6
22/4/2026 3:58,151.5
22/4/2026 4:00,166.9
22/4/2026 4:01,98.2
22/4/2026 4:02,119.3
22/4/2026 4:04,143.7
22/4/2026 4:05,97
22/4/2026 4:06,103.1
22/4/2026 4:08,148.3
22/4/2026 4:09,145.1
22/4/2026 4:11,137.6
22/4/2026 4:12,111.6
22/4/2026 4:13,141.3
22/4/2026 4:14,168.2
22/4/2026 4:16,122.7
22/4/2026 4:17,96.8
22/4/2026 4:18,149
22/4/2026 4:20,116.3
22/4/2026 4:21,107.5
22/4/2026 4:22,147.2
22/4/2026 4:23,139.6
22/4/2026 4:25,103.6
22/4/2026 4:26,135.4
22/4/2026 4:27,126.8
22/4/2026 4:29,99.1
22/4/2026 4:30,88.9
22/4/2026 4:31,94.8
22/4/2026 4:33,149.5
22/4/2026 4:34,91.5
22/4/2026 4:35,86.6
22/4/2026 4:37,91.5
22/4/2026 4:38,154.8
22/4/2026 4:39,85.1
22/4/2026 4:41,91
22/4/2026 4:42,112.5
22/4/2026 4:43,125.1
22/4/2026 4:44,97.9
22/4/2026 4:46,76
22/4/2026 4:47,101.4
22/4/2026 4:48,115.2
22/4/2026 4:50,90.4
22/4/2026 4:51,82.7
22/4/2026 4:52,78.3
22/4/2026 4:53,167.8
22/4/2026 4:54,147
22/4/2026 4:56,76.3
22/4/2026 4:57,97.7
22/4/2026 4:58,149.7
22/4/2026 5:00,104.3
22/4/2026 5:01,89.6
22/4/2026 5:02,128.6
22/4/2026 5:04,129.3
22/4/2026 5:05,147.9
22/4/2026 5:06,119.1
22/4/2026 5:07,114.6
22/4/2026 5:09,143.2
22/4/2026 5:10,119.9
22/4/2026 5:11,115.4
22/4/2026 5:13,131.3
22/4/2026 5:14,105.3
22/4/2026 5:15,95.8
22/4/2026 5:17,102.7
22/4/2026 5:18,96.7
22/4/2026 5:19,121.9
22/4/2026 5:20,128.5
22/4/2026 5:22,123.6
22/4/2026 5:23,128.7
22/4/2026 5:24,136.2
22/4/2026 5:26,104.2
22/4/2026 5:27,149.7
22/4/2026 5:29,96.2
22/4/2026 5:30,86.7
22/4/2026 5:31,82.1
22/4/2026 5:33,109.8
22/4/2026 5:34,90.2
22/4/2026 5:35,97.4
22/4/2026 5:36,117.1
22/4/2026 5:38,141.7
22/4/2026 5:39,129.7
22/4/2026 5:40,133.6
22/4/2026 5:42,101.3
22/4/2026 5:43,109.3
22/4/2026 5:44,95.4
22/4/2026 5:45,92.2
22/4/2026 5:47,101.8
22/4/2026 5:48,132.4
22/4/2026 5:49,86.8
22/4/2026 5:51,127.2
22/4/2026 5:52,153.2
22/4/2026 5:53,109.4
22/4/2026 5:54,137.1
22/4/2026 5:56,105.7
22/4/2026 5:57,89.2
22/4/2026 5:58,117.1
22/4/2026 6:00,111
22/4/2026 6:01,94.4
22/4/2026 6:02,105.9
22/4/2026 6:03,167.2
22/4/2026 6:05,104.7
22/4/2026 6:06,132.9
22/4/2026 6:08,152.5
22/4/2026 6:09,108.8
22/4/2026 6:10,147.4
22/4/2026 6:12,156.5
22/4/2026 6:13,119.2
22/4/2026 6:15,103.6
22/4/2026 6:16,126.3
22/4/2026 6:17,170.1
22/4/2026 6:19,124
22/4/2026 6:20,138.8
22/4/2026 6:21,159.3
22/4/2026 6:23,113.7
22/4/2026 6:24,136
22/4/2026 6:25,133.9
22/4/2026 6:26,119.6
22/4/2026 6:28,121.5
22/4/2026 6:29,107.2
22/4/2026 6:31,76.6
22/4/2026 6:32,104.4
22/4/2026 6:33,140
22/4/2026 6:34,161.1
22/4/2026 6:35,103.6
22/4/2026 6:37,107.8
22/4/2026 6:38,121
22/4/2026 6:39,125.2
22/4/2026 6:41,90.5
22/4/2026 6:42,118.5
22/4/2026 6:43,129.3
22/4/2026 6:44,120.7
22/4/2026 6:46,107.3
22/4/2026 6:47,99.8
22/4/2026 6:48,131.2
22/4/2026 6:50,118.9
22/4/2026 6:51,98.2
22/4/2026 6:52,108
22/4/2026 6:54,115.2
22/4/2026 6:55,113.8
22/4/2026 6:56,116.1
22/4/2026 6:57,102.5
22/4/2026 7:00,100.5
22/4/2026 7:01,116.8
22/4/2026 7:03,102.8
22/4/2026 7:04,85.9
22/4/2026 7:05,153.2
22/4/2026 7:06,153.6
22/4/2026 7:08,173.1
22/4/2026 7:09,166.2
22/4/2026 7:10,202.8
22/4/2026 7:12,297
22/4/2026 7:13,178.5
22/4/2026 7:14,270.2
22/4/2026 7:16,197.8
22/4/2026 7:17,269.4
22/4/2026 7:18,172.6
22/4/2026 7:20,205.3
22/4/2026 7:21,218.6
22/4/2026 7:22,243.4
22/4/2026 7:23,235
22/4/2026 7:25,204.5
22/4/2026 7:26,196.9
22/4/2026 7:27,183.9
22/4/2026 7:29,196.8
22/4/2026 7:30,175.5
22/4/2026 7:31,168.7
22/4/2026 7:32,216.5
22/4/2026 7:34,184.4
22/4/2026 7:35,137.4
22/4/2026 7:36,171.4
22/4/2026 7:38,191.8
22/4/2026 7:39,201.2
22/4/2026 7:40,176.5
22/4/2026 7:41,138.7
22/4/2026 7:43,180.9
22/4/2026 7:44,234
22/4/2026 7:45,161.2
22/4/2026 7:47,165.1
22/4/2026 7:48,168.7
22/4/2026 7:49,214.9
22/4/2026 7:51,179.7
22/4/2026 7:52,218.6
22/4/2026 7:53,267.7
22/4/2026 7:55,241
22/4/2026 7:56,169.5
22/4/2026 7:57,170.7
22/4/2026 7:58,213.9
22/4/2026 8:00,196.3
22/4/2026 8:01,212.6
22/4/2026 8:02,197
22/4/2026 8:04,209.7
22/4/2026 8:05,211.6
22/4/2026 8:06,212.2
22/4/2026 8:08,173
22/4/2026 8:09,197.9
22/4/2026 8:10,288.3
22/4/2026 8:12,188.9
22/4/2026 8:13,211.3
22/4/2026 8:14,213.3
22/4/2026 8:15,279
22/4/2026 8:17,155.9
22/4/2026 8:19,163.4
22/4/2026 8:20,189.4
22/4/2026 8:21,261.1
22/4/2026 8:23,247
22/4/2026 8:24,161.4
22/4/2026 8:25,134.6
22/4/2026 8:27,146.2
22/4/2026 8:28,182.5
22/4/2026 8:29,121
22/4/2026 8:31,77.8
22/4/2026 8:32,92.3
22/4/2026 8:33,84.1
22/4/2026 8:35,85.4
22/4/2026 8:36,53.2
22/4/2026 8:37,65.1
22/4/2026 8:39,60.9
22/4/2026 8:40,61.2
22/4/2026 8:41,60.5
22/4/2026 8:43,46.8
22/4/2026 8:44,47.9
22/4/2026 8:45,68.7
22/4/2026 8:46,56
22/4/2026 8:48,52.7
22/4/2026 8:49,87.6
22/4/2026 8:50,73.6
22/4/2026 8:52,54.5
22/4/2026 8:53,65.8
22/4/2026 8:54,91.8
22/4/2026 8:55,82.6
22/4/2026 8:57,58.9
22/4/2026 8:58,60.5
22/4/2026 8:59,64.3
22/4/2026 9:00,78.7
22/4/2026 9:02,115.4
22/4/2026 9:03,53
22/4/2026 9:04,58.7
22/4/2026 9:06,54.5
22/4/2026 9:07,70.2
22/4/2026 9:08,63.3
22/4/2026 9:09,58.9
22/4/2026 9:11,58.7
22/4/2026 9:12,94.7
22/4/2026 9:13,71.3
22/4/2026 9:15,79.6
22/4/2026 9:16,59.7
22/4/2026 9:17,85.7
22/4/2026 9:19,75.9
22/4/2026 9:20,91.3
22/4/2026 9:21,76.2
22/4/2026 9:22,44.7
22/4/2026 9:24,56.1
22/4/2026 9:25,81.3
22/4/2026 9:26,49.5
22/4/2026 9:28,54
22/4/2026 9:29,61.2
22/4/2026 9:30,93.8
22/4/2026 9:31,48
22/4/2026 9:33,66.3
22/4/2026 9:34,70.1
22/4/2026 9:35,60.1
22/4/2026 9:37,39.1
22/4/2026 9:38,75.6
22/4/2026 9:39,100.3
22/4/2026 9:41,55
22/4/2026 9:42,64
22/4/2026 9:44,87.8
22/4/2026 9:45,83.5
22/4/2026 9:46,49.8
22/4/2026 9:47,40.7
22/4/2026 9:49,55.4
22/4/2026 9:50,78.6
22/4/2026 9:51,59.4
22/4/2026 9:53,52.4
22/4/2026 9:54,59.3
22/4/2026 9:55,64.7
22/4/2026 9:56,94.2
22/4/2026 9:58,59.2
22/4/2026 9:59,77.3
22/4/2026 10:01,94.6
22/4/2026 10:02,75.2
22/4/2026 10:03,47.4
22/4/2026 10:05,66.9
22/4/2026 10:06,60.1
22/4/2026 10:07,72.1
22/4/2026 10:08,38.8
22/4/2026 10:10,49.9
22/4/2026 10:11,57.6
22/4/2026 10:12,55.6
22/4/2026 10:14,79.6
22/4/2026 10:15,79.6
22/4/2026 10:16,62.7
22/4/2026 10:17,40.4
22/4/2026 10:19,74.3
22/4/2026 10:20,67.1
22/4/2026 10:22,35.7
22/4/2026 10:23,72.8
22/4/2026 10:24,69
22/4/2026 10:26,66.4
22/4/2026 10:27,56.7
22/4/2026 10:28,86.6
22/4/2026 10:30,56.9
22/4/2026 10:31,57
22/4/2026 10:32,50.3
22/4/2026 10:33,77.7
22/4/2026 10:35,60.3
22/4/2026 10:36,44.7
22/4/2026 10:37,48.2
22/4/2026 10:39,102.5
22/4/2026 10:40,61.3
22/4/2026 10:41,66.5
22/4/2026 10:43,84.1
22/4/2026 10:44,102.6
22/4/2026 10:45,62.8
22/4/2026 10:47,60.6
22/4/2026 10:48,56.5
22/4/2026 10:49,68.1
22/4/2026 10:50,56.9
22/4/2026 10:52,65.9
22/4/2026 10:53,61.5
22/4/2026 10:54,61.8
22/4/2026 10:56,48.2
22/4/2026 10:57,69.9
22/4/2026 10:58,46.5
22/4/2026 10:59,68.4
22/4/2026 11:01,103.3
22/4/2026 11:02,56.1
22/4/2026 11:04,57.3
22/4/2026 11:05,105.3
22/4/2026 11:06,88.6
22/4/2026 11:07,72.1
22/4/2026 11:09,62.3
22/4/2026 11:10,84.3
22/4/2026 11:11,82
22/4/2026 11:12,66.6
22/4/2026 11:14,49.1
22/4/2026 11:15,87.4
22/4/2026 11:16,77.2
22/4/2026 11:18,97.5
22/4/2026 11:19,63.8
22/4/2026 11:20,41.7
22/4/2026 11:22,73
22/4/2026 11:23,82.6
22/4/2026 11:24,52
22/4/2026 11:26,77.2
22/4/2026 11:27,70.3
22/4/2026 11:28,64.6
22/4/2026 11:29,85.8
22/4/2026 11:30,62.1
22/4/2026 11:32,61.8
22/4/2026 11:33,60.1
22/4/2026 11:34,63.1
22/4/2026 11:36,76.9
22/4/2026 11:37,82.6
22/4/2026 11:38,89.4
22/4/2026 11:39,43.9
22/4/2026 11:41,58.9
22/4/2026 11:42,60.3
22/4/2026 11:43,82.7
22/4/2026 11:44,85.4
22/4/2026 11:46,81.3
22/4/2026 11:47,57.7
22/4/2026 11:49,58.4
22/4/2026 11:50,57.3
22/4/2026 11:51,86
22/4/2026 11:52,78.6
22/4/2026 11:54,49.5
22/4/2026 11:55,40
22/4/2026 11:56,47.8
22/4/2026 11:58,73.8
22/4/2026 11:59,56.7
22/4/2026 12:00,58.3
22/4/2026 12:01,45.4
22/4/2026 12:03,70.7
22/4/2026 12:04,49.5
22/4/2026 12:05,63.8
22/4/2026 12:07,55.2
22/4/2026 12:08,49.8
22/4/2026 12:09,62.7
22/4/2026 12:11,76.6
22/4/2026 12:12,49.5
22/4/2026 12:13,44.5
22/4/2026 12:15,86.3
22/4/2026 12:16,92.5
22/4/2026 12:17,43.2
22/4/2026 12:19,43
22/4/2026 12:20,47.1
22/4/2026 12:21,68.5
22/4/2026 12:22,65.7
22/4/2026 12:24,50.4
22/4/2026 12:25,66.3
22/4/2026 12:26,91.1
22/4/2026 12:28,39.3
22/4/2026 12:29,50.1
22/4/2026 12:30,65.6
22/4/2026 12:32,79.4
22/4/2026 12:33,61.3
22/4/2026 12:34,40.3
22/4/2026 12:36,40.8
22/4/2026 12:37,64.1
22/4/2026 12:38,59.6
22/4/2026 12:40,49.3
22/4/2026 12:41,45.2
22/4/2026 12:43,64
22/4/2026 12:44,46.6
22/4/2026 12:45,42.2
22/4/2026 12:46,55.2
22/4/2026 12:48,45.5
22/4/2026 12:49,69.1
22/4/2026 12:50,54.1
22/4/2026 12:52,49.4
22/4/2026 12:53,38.2
22/4/2026 12:54,61.5
22/4/2026 12:55,52.8
22/4/2026 12:57,52.3
22/4/2026 12:58,87.2
22/4/2026 13:00,70.3
22/4/2026 13:01,57.2
22/4/2026 13:02,75.4
22/4/2026 13:04,54.1
22/4/2026 13:05,52.2
22/4/2026 13:06,50.2
22/4/2026 13:07,58.7
22/4/2026 13:09,90.6
22/4/2026 13:10,63.8
22/4/2026 13:12,53.4
22/4/2026 13:13,48.7
22/4/2026 13:14,72.1
22/4/2026 13:16,66.9
22/4/2026 13:17,62.4
22/4/2026 13:18,44.2
22/4/2026 13:20,63.3
22/4/2026 13:21,62.8
22/4/2026 13:22,43.1
22/4/2026 13:24,71.8
22/4/2026 13:25,64.2
22/4/2026 13:26,54.2
22/4/2026 13:28,52.2
22/4/2026 13:29,38.7
22/4/2026 13:30,70.9
22/4/2026 13:32,64.7
22/4/2026 13:33,47.6
22/4/2026 13:34,65.8
22/4/2026 13:35,69.7
22/4/2026 13:37,114.4
22/4/2026 13:38,98.1
22/4/2026 13:39,41.3
22/4/2026 13:40,64.8
22/4/2026 13:42,52.5
22/4/2026 13:43,49.4
22/4/2026 13:45,66.4
22/4/2026 13:46,65.8
22/4/2026 13:47,69.9
22/4/2026 13:49,46.4
22/4/2026 13:50,65.7
22/4/2026 13:51,82.7
22/4/2026 13:53,77.3
22/4/2026 13:54,52.3
22/4/2026 13:55,66.8
22/4/2026 13:57,66.5
22/4/2026 13:58,87.2
22/4/2026 13:59,54.6
22/4/2026 14:01,82.8
22/4/2026 14:02,110.6
22/4/2026 14:04,57.7
22/4/2026 14:05,58.2
22/4/2026 14:06,76.9
22/4/2026 14:07,111.6
22/4/2026 14:09,66
22/4/2026 14:10,48.3
22/4/2026 14:11,47.9
22/4/2026 14:13,80
22/4/2026 14:14,61.2
22/4/2026 14:15,54.2
22/4/2026 14:17,69.2
22/4/2026 14:18,69.9
22/4/2026 14:19,63
22/4/2026 14:21,56.8
22/4/2026 14:22,68.8
22/4/2026 14:23,54.3
22/4/2026 14:25,50.8
22/4/2026 14:26,62.8
22/4/2026 14:27,42.6
22/4/2026 14:29,69.8
22/4/2026 14:30,51.8
22/4/2026 14:31,58
22/4/2026 14:32,43.8
22/4/2026 14:34,37.7
22/4/2026 14:35,79.1
22/4/2026 14:36,78.2
22/4/2026 14:38,42
22/4/2026 14:39,58.7
